File,Algo,INP_SNR,OUT_SNR,SNR_Improv,SegSNR_In,SegSNR_Out,SegSNR_Improv,STOI_In,STOI_Out,STOI_Improv,MOS_S_In,MOS_S_Out,MOS_S_Improv,MOS_A_In,MOS_A_Out,MOS_A_Improv
input_-6.62dB,WebRTC,-7.719808,-4.238024,3.481784,-7.370747,-6.082738,1.288009,0.619530,0.567492,-0.052038,2.569653,2.731678,0.162026,3.464666,3.732057,0.267391
input_-6.62dB,sqa,-7.719808,-1.007753,6.712055,-7.370747,-3.954344,3.416403,0.619530,0.587059,-0.032472,2.569653,2.665851,0.096198,3.464666,3.415003,-0.049663
input_-6.62dB,RNN,-7.719808,4.394803,12.114610,-7.370747,-0.236734,7.134013,0.619530,0.658014,0.038484,2.569653,3.056521,0.486868,3.464666,3.874168,0.409502
input_-6.62dB,RW,-7.719808,4.005503,11.725310,-7.370747,-1.427380,5.943367,0.619530,0.659644,0.040114,2.569653,3.059391,0.489738,3.464666,3.881890,0.417224
input_-6.62dB,RS,-7.719808,4.191043,11.910851,-7.370747,-0.714701,6.656046,0.619530,0.662551,0.043021,2.569653,3.067019,0.497366,3.464666,3.891634,0.426967
input_-6.62dB,RWPV,-7.719808,4.075538,11.795346,-7.370747,-1.381405,5.989342,0.619530,0.661460,0.041930,2.569653,3.035764,0.466111,3.464666,3.887206,0.422540
input_-6.62dB,RSPV,-7.719808,4.248017,11.967824,-7.370747,-0.667366,6.703382,0.619530,0.663822,0.044292,2.569653,3.039310,0.469657,3.464666,3.896935,0.432269
input_-6.62dB,RWADAPV,-7.719808,3.861995,11.581803,-7.370747,-1.514167,5.856581,0.619530,0.659050,0.039520,2.569653,3.019134,0.449481,3.464666,3.875294,0.410628
input_-6.62dB,RSADAPV,-7.719808,4.206550,11.926358,-7.370747,-0.698045,6.672703,0.619530,0.660826,0.041296,2.569653,3.038954,0.469301,3.464666,3.893861,0.429195
input_-3.56dB,WebRTC,-4.659812,-4.254211,0.405602,-6.122001,-5.968336,0.153665,0.596469,0.539248,-0.057221,2.375798,2.505057,0.129259,3.552558,3.695197,0.142639
input_-3.56dB,sqa,-4.659812,-1.602562,3.057251,-6.122001,-3.824750,2.297251,0.596469,0.560631,-0.035838,2.375798,2.547164,0.171366,3.552558,3.563153,0.010595
input_-3.56dB,RNN,-4.659812,4.689707,9.349519,-6.122001,0.066418,6.188419,0.596469,0.643685,0.047216,2.375798,2.960463,0.584665,3.552558,3.870698,0.318140
input_-3.56dB,RW,-4.659812,4.459537,9.119349,-6.122001,-0.693678,5.428323,0.596469,0.640975,0.044506,2.375798,2.939591,0.563793,3.552558,3.885151,0.332593
input_-3.56dB,RS,-4.659812,4.499739,9.159552,-6.122001,-0.351937,5.770064,0.596469,0.644979,0.048511,2.375798,2.968042,0.592244,3.552558,3.875871,0.323313
input_-3.56dB,RWPV,-4.659812,4.541286,9.201099,-6.122001,-0.654944,5.467056,0.596469,0.641325,0.044857,2.375798,2.916057,0.540259,3.552558,3.883989,0.331431
input_-3.56dB,RSPV,-4.659812,4.568478,9.228290,-6.122001,-0.313984,5.808017,0.596469,0.644989,0.048520,2.375798,2.944274,0.568476,3.552558,3.878652,0.326094
input_-3.56dB,RWADAPV,-4.659812,4.378025,9.037837,-6.122001,-0.795667,5.326333,0.596469,0.634998,0.038529,2.375798,2.903700,0.527902,3.552558,3.879310,0.326752
input_-3.56dB,RSADAPV,-4.659812,4.543752,9.203565,-6.122001,-0.347337,5.774663,0.596469,0.640088,0.043620,2.375798,2.941152,0.565354,3.552558,3.877932,0.325373
input_-1.50dB,WebRTC,-1.500026,-3.531796,-2.031770,-4.545141,-5.094597,-0.549456,0.578467,0.532877,-0.045590,2.357301,2.302412,-0.054888,3.190056,3.447186,0.257130
input_-1.50dB,sqa,-1.500026,0.213350,1.713376,-4.545141,-1.661859,2.883283,0.578467,0.547626,-0.030841,2.357301,2.418563,0.061263,3.190056,3.257837,0.067781
input_-1.50dB,RNN,-1.500026,5.731181,7.231207,-4.545141,1.153582,5.698724,0.578467,0.626145,0.047678,2.357301,2.751664,0.394364,3.190056,3.696737,0.506681
input_-1.50dB,RW,-1.500026,5.726766,7.226793,-4.545141,0.702315,5.247456,0.578467,0.627282,0.048815,2.357301,2.742909,0.385609,3.190056,3.670931,0.480874
input_-1.50dB,RS,-1.500026,5.728834,7.228861,-4.545141,1.157163,5.702304,0.578467,0.628602,0.050136,2.357301,2.769625,0.412325,3.190056,3.697605,0.507549
input_-1.50dB,RWPV,-1.500026,5.800193,7.300219,-4.545141,0.727982,5.273123,0.578467,0.628939,0.050472,2.357301,2.743798,0.386498,3.190056,3.673743,0.483687
input_-1.50dB,RSPV,-1.500026,5.783827,7.283853,-4.545141,1.172565,5.717706,0.578467,0.629984,0.051517,2.357301,2.771210,0.413910,3.190056,3.702841,0.512785
input_-1.50dB,RWADAPV,-1.500026,5.584304,7.084331,-4.545141,0.603993,5.149134,0.578467,0.625354,0.046887,2.357301,2.740003,0.382703,3.190056,3.667810,0.477754
input_-1.50dB,RSADAPV,-1.500026,5.780321,7.280347,-4.545141,1.180856,5.725997,0.578467,0.628624,0.050157,2.357301,2.772015,0.414715,3.190056,3.702813,0.512757
input_6.42dB,WebRTC,6.420001,-3.739477,-10.159478,0.998047,-3.634826,-4.632873,0.743637,0.652502,-0.091136,3.500757,3.379897,-0.120861,3.798951,3.866595,0.067644
input_6.42dB,sqa,6.420001,-0.578026,-6.998027,0.998047,-1.064148,-2.062195,0.743637,0.691827,-0.051811,3.500757,3.523017,0.022260,3.798951,3.667903,-0.131048
input_6.42dB,RNN,6.420001,10.784199,4.364198,0.998047,4.851218,3.853171,0.743637,0.771258,0.027621,3.500757,3.683994,0.183237,3.798951,4.022521,0.223571
input_6.42dB,RW,6.420001,10.797321,4.377320,0.998047,4.761848,3.763801,0.743637,0.772277,0.028640,3.500757,3.714816,0.214059,3.798951,4.015637,0.216687
input_6.42dB,RS,6.420001,10.800203,4.380202,0.998047,4.811365,3.813318,0.743637,0.779288,0.035650,3.500757,3.735051,0.234293,3.798951,4.042485,0.243535
input_6.42dB,RWPV,6.420001,11.042571,4.622570,0.998047,4.880585,3.882538,0.743637,0.773362,0.029725,3.500757,3.710646,0.209888,3.798951,4.017459,0.218509
input_6.42dB,RSPV,6.420001,11.039746,4.619745,0.998047,4.936660,3.938613,0.743637,0.780097,0.036460,3.500757,3.731187,0.230430,3.798951,4.041509,0.242558
input_6.42dB,RWADAPV,6.420001,10.063449,3.643448,0.998047,4.337547,3.339500,0.743637,0.756837,0.013200,3.500757,3.662213,0.161456,3.798951,3.988224,0.189273
input_6.42dB,RSADAPV,6.420001,10.776637,4.356636,0.998047,4.850548,3.852501,0.743637,0.768282,0.024645,3.500757,3.692067,0.191310,3.798951,4.034755,0.235804
input_-2.09dB,WebRTC,-2.090001,-4.040265,-1.950264,-5.163214,-5.552931,-0.389717,0.568694,0.512650,-0.056044,2.321227,2.414113,0.092886,3.262309,3.523979,0.261670
input_-2.09dB,sqa,-2.090001,-0.974465,1.115536,-5.163214,-2.937195,2.226019,0.568694,0.515851,-0.052843,2.321227,2.327356,0.006129,3.262309,3.260638,-0.001671
input_-2.09dB,RNN,-2.090001,3.860304,5.950305,-5.163214,-0.711783,4.451431,0.568694,0.599370,0.030676,2.321227,2.696836,0.375609,3.262309,3.660090,0.397781
input_-2.09dB,RW,-2.090001,3.749843,5.839844,-5.163214,-1.033749,4.129465,0.568694,0.598284,0.029590,2.321227,2.691241,0.370013,3.262309,3.653800,0.391491
input_-2.09dB,RS,-2.090001,3.889654,5.979655,-5.163214,-0.729337,4.433877,0.568694,0.599729,0.031035,2.321227,2.715065,0.393837,3.262309,3.681649,0.419340
input_-2.09dB,RWPV,-2.090001,3.790337,5.880338,-5.163214,-1.024530,4.138684,0.568694,0.598107,0.029413,2.321227,2.662890,0.341662,3.262309,3.657115,0.394807
input_-2.09dB,RSPV,-2.090001,3.921064,6.011065,-5.163214,-0.722296,4.440918,0.568694,0.599374,0.030680,2.321227,2.685117,0.363890,3.262309,3.676564,0.414255
input_-2.09dB,RWADAPV,-2.090001,3.986530,6.076531,-5.163214,-1.042625,4.120589,0.568694,0.598463,0.029769,2.321227,2.659415,0.338188,3.262309,3.661916,0.399607
input_-2.09dB,RSADAPV,-2.090001,3.821744,5.911745,-5.163214,-0.720796,4.442418,0.568694,0.595539,0.026845,2.321227,2.679151,0.357924,3.262309,3.673859,0.411550
input_-1.01dB,WebRTC,-1.010026,-3.880682,-2.870655,-4.623396,-4.959551,-0.336155,0.653632,0.589645,-0.063987,2.541865,2.623929,0.082064,3.291210,3.432230,0.141020
input_-1.01dB,sqa,-1.010026,-0.698784,0.311242,-4.623396,-2.297425,2.325971,0.653632,0.608453,-0.045180,2.541865,2.613687,0.071822,3.291210,3.350221,0.059011
input_-1.01dB,RNN,-1.010026,6.229363,7.239389,-4.623396,1.278110,5.901506,0.653632,0.692813,0.039180,2.541865,2.982544,0.440679,3.291210,3.717813,0.426603
input_-1.01dB,RW,-1.010026,6.133746,7.143773,-4.623396,0.778628,5.402024,0.653632,0.691218,0.037586,2.541865,2.987603,0.445738,3.291210,3.691561,0.400350
input_-1.01dB,RS,-1.010026,6.141297,7.151324,-4.623396,1.100421,5.723817,0.653632,0.693082,0.039450,2.541865,3.009465,0.467600,3.291210,3.723149,0.431939
input_-1.01dB,RWPV,-1.010026,6.278489,7.288516,-4.623396,0.835866,5.459262,0.653632,0.692905,0.039273,2.541865,2.972950,0.431085,3.291210,3.690566,0.399356
input_-1.01dB,RSPV,-1.010026,6.271931,7.281957,-4.623396,1.155232,5.778628,0.653632,0.694371,0.040739,2.541865,2.995273,0.453408,3.291210,3.721382,0.430171
input_-1.01dB,RWADAPV,-1.010026,6.068759,7.078786,-4.623396,0.694628,5.318024,0.653632,0.691364,0.037732,2.541865,2.961443,0.419578,3.291210,3.684767,0.393557
input_-1.01dB,RSADAPV,-1.010026,6.238771,7.248797,-4.623396,1.154194,5.777590,0.653632,0.690460,0.036828,2.541865,2.982727,0.440862,3.291210,3.717166,0.425956
input_-0.48dB,WebRTC,-0.480001,-3.795057,-3.315056,-3.939147,-5.022796,-1.083650,0.654425,0.580828,-0.073597,2.700674,2.797282,0.096609,3.313232,3.555782,0.242549
input_-0.48dB,sqa,-0.480001,-0.811232,-0.331231,-3.939147,-2.166702,1.772445,0.654425,0.603620,-0.050805,2.700674,2.740626,0.039953,3.313232,3.416830,0.103598
input_-0.48dB,RNN,-0.480001,6.933586,7.413588,-3.939147,1.519775,5.458921,0.654425,0.683853,0.029428,2.700674,3.106620,0.405946,3.313232,3.762123,0.448890
input_-0.48dB,RW,-0.480001,6.809491,7.289492,-3.939147,1.131385,5.070531,0.654425,0.684867,0.030442,2.700674,3.128103,0.427429,3.313232,3.734235,0.421003
input_-0.48dB,RS,-0.480001,6.810278,7.290279,-3.939147,1.455867,5.395013,0.654425,0.688223,0.033798,2.700674,3.149273,0.448599,3.313232,3.774726,0.461494
input_-0.48dB,RWPV,-0.480001,6.876589,7.356590,-3.939147,1.156754,5.095901,0.654425,0.686165,0.031740,2.700674,3.089048,0.388374,3.313232,3.730110,0.416878
input_-0.48dB,RSPV,-0.480001,6.865678,7.345679,-3.939147,1.482114,5.421260,0.654425,0.689181,0.034756,2.700674,3.110389,0.409716,3.313232,3.779653,0.466420
input_-0.48dB,RWADAPV,-0.480001,6.587280,7.067282,-3.939147,0.982150,4.921297,0.654425,0.681966,0.027541,2.700674,3.071387,0.370714,3.313232,3.718654,0.405421
input_-0.48dB,RSADAPV,-0.480001,6.809351,7.289352,-3.939147,1.467147,5.406294,0.654425,0.683958,0.029533,2.700674,3.101452,0.400778,3.313232,3.772719,0.459487
input_-0.99dB,WebRTC,-2.089811,-5.434144,-3.344333,0.404779,-4.135562,-4.540341,0.704037,0.622620,-0.081417,3.248940,3.027253,-0.221688,3.472875,3.497266,0.024391
input_-0.99dB,sqa,-2.089811,-3.688817,-1.599006,0.404779,-2.724524,-3.129304,0.704037,0.649980,-0.054057,3.248940,3.134966,-0.113974,3.472875,3.513873,0.040998
input_-0.99dB,RNN,-2.089811,6.584522,8.674333,0.404779,3.589130,3.184351,0.704037,0.720055,0.016018,3.248940,3.410104,0.161163,3.472875,3.853480,0.380604
input_-0.99dB,RW,-2.089811,5.664519,7.754330,0.404779,3.141534,2.736755,0.704037,0.720568,0.016531,3.248940,3.402401,0.153461,3.472875,3.843839,0.370964
input_-0.99dB,RS,-2.089811,5.769908,7.859720,0.404779,3.202390,2.797611,0.704037,0.722695,0.018658,3.248940,3.440216,0.191276,3.472875,3.839380,0.366505
input_-0.99dB,RWPV,-2.089811,5.814661,7.904472,0.404779,3.326742,2.921963,0.704037,0.722765,0.018728,3.248940,3.363085,0.114145,3.472875,3.835613,0.362738
input_-0.99dB,RSPV,-2.089811,5.905740,7.995551,0.404779,3.394472,2.989693,0.704037,0.724600,0.020563,3.248940,3.409452,0.160512,3.472875,3.832119,0.359244
input_-0.99dB,RWADAPV,-2.089811,5.668200,7.758011,0.404779,2.877099,2.472319,0.704037,0.712245,0.008208,3.248940,3.325565,0.076625,3.472875,3.806907,0.334032
input_-0.99dB,RSADAPV,-2.089811,5.592898,7.682710,0.404779,3.167605,2.762826,0.704037,0.713010,0.008973,3.248940,3.359839,0.110899,3.472875,3.814007,0.341132
input_-7.19dB,WebRTC,-3.895578,-2.664568,1.231010,1.174504,-1.683612,-2.858116,0.827891,0.733147,-0.094744,3.975725,3.939915,-0.035810,3.504410,3.896507,0.392097
input_-7.19dB,sqa,-3.895578,-4.563966,-0.668388,1.174504,-1.896422,-3.070926,0.827891,0.756608,-0.071283,3.975725,3.875043,-0.100683,3.504410,3.500939,-0.003471
input_-7.19dB,RNN,-3.895578,4.730685,8.626263,1.174504,2.326118,1.151614,0.827891,0.822430,-0.005461,3.975725,4.084413,0.108687,3.504410,4.008046,0.503636
input_-7.19dB,RW,-3.895578,3.342962,7.238540,1.174504,1.769160,0.594656,0.827891,0.821817,-0.006074,3.975725,4.033821,0.058095,3.504410,3.763432,0.259022
input_-7.19dB,RS,-3.895578,3.282121,7.177699,1.174504,1.807413,0.632909,0.827891,0.826267,-0.001624,3.975725,4.118528,0.142803,3.504410,3.810320,0.305910
input_-7.19dB,RWPV,-3.895578,3.389209,7.284787,1.174504,1.818581,0.644077,0.827891,0.825225,-0.002666,3.975725,4.048488,0.072762,3.504410,3.763660,0.259250
input_-7.19dB,RSPV,-3.895578,3.328870,7.224448,1.174504,1.865734,0.691230,0.827891,0.829339,0.001448,3.975725,4.133922,0.158197,3.504410,3.810912,0.306502
input_-7.19dB,RWADAPV,-3.895578,-0.385106,3.510473,1.174504,1.064731,-0.109773,0.827891,0.791248,-0.036643,3.975725,3.668954,-0.306771,3.504410,3.453992,-0.050418
input_-7.19dB,RSADAPV,-3.895578,-1.429500,2.466078,1.174504,1.442302,0.267798,0.827891,0.815570,-0.012320,3.975725,3.929994,-0.045731,3.504410,3.533341,0.028931
input_-12.94dB,WebRTC,-8.718399,-9.328742,-0.610343,-0.457544,-3.355528,-2.897984,0.598087,0.524968,-0.073119,2.841421,2.233773,-0.607648,3.214787,3.152191,-0.062596
input_-12.94dB,sqa,-8.718399,-9.086841,-0.368442,-0.457544,-3.346520,-2.888976,0.598087,0.549493,-0.048595,2.841421,2.658780,-0.182641,3.214787,3.182891,-0.031896
input_-12.94dB,RNN,-8.718399,-4.311509,4.406890,-0.457544,-0.096979,0.360565,0.598087,0.566766,-0.031321,2.841421,2.807690,-0.033732,3.214787,3.292725,0.077937
input_-12.94dB,RW,-8.718399,-5.078949,3.639450,-0.457544,-0.423059,0.034485,0.598087,0.569570,-0.028517,2.841421,2.691925,-0.149496,3.214787,3.248517,0.033730
input_-12.94dB,RS,-8.718399,-5.088298,3.630101,-0.457544,-0.393781,0.063763,0.598087,0.573902,-0.024185,2.841421,2.755515,-0.085906,3.214787,3.256066,0.041279
input_-12.94dB,RWPV,-8.718399,-5.095449,3.622949,-0.457544,-0.385966,0.071578,0.598087,0.575729,-0.022358,2.841421,2.707247,-0.134174,3.214787,3.249236,0.034449
input_-12.94dB,RSPV,-8.718399,-5.104477,3.613922,-0.457544,-0.351903,0.105641,0.598087,0.580136,-0.017951,2.841421,2.775932,-0.065490,3.214787,3.253577,0.038789
input_-12.94dB,RWADAPV,-8.718399,-5.711647,3.006752,-0.457544,-0.700002,-0.242457,0.598087,0.562837,-0.035250,2.841421,2.486461,-0.354960,3.214787,3.231531,0.016744
input_-12.94dB,RSADAPV,-8.718399,-6.404765,2.313634,-0.457544,-0.524374,-0.066829,0.598087,0.572272,-0.025815,2.841421,2.585348,-0.256073,3.214787,3.240269,0.025482
input_6.34dB,WebRTC,5.240193,-3.358271,-8.598464,-1.092977,-4.037452,-2.944475,0.653501,0.583111,-0.070390,3.043687,2.925015,-0.118672,3.554519,3.640232,0.085713
input_6.34dB,sqa,5.240193,0.097752,-5.142440,-1.092977,-0.618149,0.474828,0.653501,0.607693,-0.045809,3.043687,3.027695,-0.015993,3.554519,3.495911,-0.058607
input_6.34dB,RNN,5.240193,9.280778,4.040585,-1.092977,3.690274,4.783251,0.653501,0.690666,0.037165,3.043687,3.297618,0.253930,3.554519,3.805686,0.251168
input_6.34dB,RW,5.240193,9.342843,4.102651,-1.092977,3.495587,4.588564,0.653501,0.689426,0.035925,3.043687,3.317542,0.273855,3.554519,3.797824,0.243305
input_6.34dB,RS,5.240193,9.385294,4.145101,-1.092977,3.739584,4.832561,0.653501,0.691317,0.037816,3.043687,3.336238,0.292551,3.554519,3.815865,0.261346
input_6.34dB,RWPV,5.240193,9.585180,4.344987,-1.092977,3.601195,4.694172,0.653501,0.690998,0.037497,3.043687,3.305227,0.261540,3.554519,3.796085,0.241567
input_6.34dB,RSPV,5.240193,9.612751,4.372559,-1.092977,3.833702,4.926679,0.653501,0.692648,0.039147,3.043687,3.324419,0.280732,3.554519,3.814497,0.259979
input_6.34dB,RWADAPV,5.240193,9.082676,3.842483,-1.092977,3.366385,4.459362,0.653501,0.685409,0.031907,3.043687,3.284440,0.240753,3.554519,3.787307,0.232789
input_6.34dB,RSADAPV,5.240193,9.554807,4.314615,-1.092977,3.835986,4.928963,0.653501,0.686616,0.033115,3.043687,3.307203,0.263516,3.554519,3.817052,0.262533
input_-0.27dB,WebRTC,1.116104,-3.833576,-4.949680,1.723683,-2.979594,-4.703276,0.722969,0.632403,-0.090566,3.565289,3.362004,-0.203285,3.547337,3.792524,0.245187
input_-0.27dB,sqa,1.116104,-1.833185,-2.949289,1.723683,-1.053205,-2.776887,0.722969,0.665576,-0.057393,3.565289,3.451957,-0.113332,3.547337,3.554370,0.007033
input_-0.27dB,RNN,1.116104,9.241883,8.125779,1.723683,4.633627,2.909944,0.722969,0.742668,0.019699,3.565289,3.639911,0.074622,3.547337,3.941770,0.394433
input_-0.27dB,RW,1.116104,8.417796,7.301691,1.723683,4.219550,2.495868,0.722969,0.741142,0.018173,3.565289,3.680211,0.114922,3.547337,3.938478,0.391141
input_-0.27dB,RS,1.116104,8.158401,7.042296,1.723683,4.354815,2.631132,0.722969,0.745620,0.022651,3.565289,3.708335,0.143046,3.547337,3.963874,0.416538
input_-0.27dB,RWPV,1.116104,8.559962,7.443858,1.723683,4.305192,2.581510,0.722969,0.743303,0.020334,3.565289,3.679162,0.113873,3.547337,3.937470,0.390133
input_-0.27dB,RSPV,1.116104,8.276669,7.160565,1.723683,4.449040,2.725357,0.722969,0.747504,0.024534,3.565289,3.707365,0.142076,3.547337,3.958533,0.411196
input_-0.27dB,RWADAPV,1.116104,7.486255,6.370151,1.723683,3.687473,1.963790,0.722969,0.724222,0.001253,3.565289,3.599369,0.034080,3.547337,3.904276,0.356939
input_-0.27dB,RSADAPV,1.116104,7.988516,6.872412,1.723683,4.306166,2.582483,0.722969,0.730300,0.007331,3.565289,3.636589,0.071300,3.547337,3.959286,0.411949
input_2.95dB,WebRTC,1.850186,-4.165421,-6.015607,-1.570748,-5.023996,-3.453247,0.679253,0.604513,-0.074741,3.113611,2.942197,-0.171414,3.754055,3.759440,0.005385
input_2.95dB,sqa,1.850186,-1.023227,-2.873413,-1.570748,-2.469379,-0.898631,0.679253,0.639838,-0.039415,3.113611,3.075830,-0.037782,3.754055,3.744496,-0.009559
input_2.95dB,RNN,1.850186,7.554644,5.704457,-1.570748,2.669442,4.240190,0.679253,0.707067,0.027813,3.113611,3.348596,0.234985,3.754055,3.989446,0.235391
input_2.95dB,RW,1.850186,7.516658,5.666472,-1.570748,2.340103,3.910851,0.679253,0.706358,0.027105,3.113611,3.352923,0.239312,3.754055,3.980343,0.226288
input_2.95dB,RS,1.850186,7.404637,5.554451,-1.570748,2.102756,3.673504,0.679253,0.711622,0.032369,3.113611,3.360180,0.246569,3.754055,3.981743,0.227688
input_2.95dB,RWPV,1.850186,7.639952,5.789766,-1.570748,2.418862,3.989610,0.679253,0.707580,0.028326,3.113611,3.354415,0.240803,3.754055,3.984569,0.230514
input_2.95dB,RSPV,1.850186,7.522369,5.672183,-1.570748,2.190954,3.761702,0.679253,0.712417,0.033164,3.113611,3.361282,0.247671,3.754055,3.981788,0.227733
input_2.95dB,RWADAPV,1.850186,7.230674,5.380487,-1.570748,2.082630,3.653378,0.679253,0.696082,0.016828,3.113611,3.330504,0.216893,3.754055,3.959908,0.205853
input_2.95dB,RSADAPV,1.850186,6.747466,4.897279,-1.570748,1.566002,3.136750,0.679253,0.694651,0.015397,3.113611,3.302439,0.188828,3.754055,3.948951,0.194896
input_-2.31dB,WebRTC,-1.042115,-3.615437,-2.573322,-2.717527,-4.160514,-1.442987,0.600069,0.543598,-0.056471,2.353947,2.226028,-0.127919,3.273670,3.390339,0.116669
input_-2.31dB,sqa,-1.042115,-0.283891,0.758223,-2.717527,-1.847952,0.869575,0.600069,0.552877,-0.047192,2.353947,2.360878,0.006931,3.273670,3.374441,0.100771
input_-2.31dB,RNN,-1.042115,3.992023,5.034138,-2.717527,1.401430,4.118957,0.600069,0.625055,0.024986,2.353947,2.768814,0.414867,3.273670,3.590234,0.316564
input_-2.31dB,RW,-1.042115,3.981334,5.023448,-2.717527,0.998452,3.715979,0.600069,0.628885,0.028816,2.353947,2.722352,0.368405,3.273670,3.595014,0.321344
input_-2.31dB,RS,-1.042115,3.889754,4.931868,-2.717527,0.950548,3.668074,0.600069,0.627521,0.027453,2.353947,2.737344,0.383397,3.273670,3.593721,0.320052
input_-2.31dB,RWPV,-1.042115,4.029052,5.071167,-2.717527,1.026694,3.744221,0.600069,0.629306,0.029237,2.353947,2.722363,0.368416,3.273670,3.595171,0.321501
input_-2.31dB,RSPV,-1.042115,3.935155,4.977270,-2.717527,0.978604,3.696131,0.600069,0.627297,0.027228,2.353947,2.725456,0.371509,3.273670,3.595397,0.321727
input_-2.31dB,RWADAPV,-1.042115,3.731837,4.773951,-2.717527,0.776451,3.493978,0.600069,0.618708,0.018639,2.353947,2.673503,0.319555,3.273670,3.572782,0.299112
input_-2.31dB,RSADAPV,-1.042115,3.875572,4.917686,-2.717527,0.892298,3.609825,0.600069,0.614678,0.014609,2.353947,2.666534,0.312586,3.273670,3.580280,0.306610
input_0.14dB,WebRTC,0.140001,-4.831595,-4.971596,13.057226,-3.496592,-16.553818,0.809970,0.694327,-0.115643,3.802739,3.274787,-0.527951,3.869332,3.756029,-0.113303
input_0.14dB,sqa,0.140001,-2.938635,-3.078637,13.057226,-2.239428,-15.296654,0.809970,0.717095,-0.092875,3.802739,3.442613,-0.360126,3.869332,3.862624,-0.006709
input_0.14dB,RNN,0.140001,9.603049,9.463047,13.057226,8.356048,-4.701178,0.809970,0.812798,0.002828,3.802739,3.831266,0.028528,3.869332,4.115232,0.245899
input_0.14dB,RW,0.140001,8.477774,8.337773,13.057226,7.520821,-5.536405,0.809970,0.811548,0.001578,3.802739,3.816841,0.014102,3.869332,4.081465,0.212133
input_0.14dB,RS,0.140001,8.232128,8.092127,13.057226,7.467628,-5.589598,0.809970,0.812567,0.002597,3.802739,3.848362,0.045623,3.869332,4.122381,0.253049
input_0.14dB,RWPV,0.140001,8.697393,8.557391,13.057226,7.941352,-5.115874,0.809970,0.815543,0.005573,3.802739,3.843758,0.041020,3.869332,4.084845,0.215513
input_0.14dB,RSPV,0.140001,8.432870,8.292869,13.057226,7.957204,-5.100022,0.809970,0.816261,0.006291,3.802739,3.876445,0.073706,3.869332,4.127979,0.258646
input_0.14dB,RWADAPV,0.140001,8.522366,8.382365,13.057226,6.924780,-6.132446,0.809970,0.802639,-0.007332,3.802739,3.806522,0.003783,3.869332,4.054001,0.184668
input_0.14dB,RSADAPV,0.140001,3.745241,3.605240,13.057226,6.836852,-6.220374,0.809970,0.798746,-0.011225,3.802739,3.747998,-0.054741,3.869332,4.006034,0.136702
input_0.23dB,WebRTC,-0.869811,-3.992968,-3.123157,0.982801,-4.124127,-5.106928,0.696712,0.624086,-0.072625,2.999342,2.976767,-0.022575,3.572629,3.707697,0.135068
input_0.23dB,sqa,-0.869811,-0.634430,0.235381,0.982801,-1.750600,-2.733402,0.696712,0.646172,-0.050540,2.999342,3.000775,0.001433,3.572629,3.621852,0.049223
input_0.23dB,RNN,-0.869811,7.111004,7.980815,0.982801,3.618016,2.635215,0.696712,0.708452,0.011740,2.999342,3.247658,0.248317,3.572629,3.862062,0.289433
input_0.23dB,RW,-0.869811,7.075447,7.945258,0.982801,3.334364,2.351562,0.696712,0.716007,0.019295,2.999342,3.266044,0.266702,3.572629,3.845200,0.272571
input_0.23dB,RS,-0.869811,6.994853,7.864664,0.982801,3.430188,2.447387,0.696712,0.714944,0.018233,2.999342,3.287639,0.288298,3.572629,3.871850,0.299221
input_0.23dB,RWPV,-0.869811,7.156417,8.026228,0.982801,3.482717,2.499916,0.696712,0.718604,0.021892,2.999342,3.255322,0.255981,3.572629,3.844916,0.272287
input_0.23dB,RSPV,-0.869811,7.061200,7.931011,0.982801,3.585794,2.602992,0.696712,0.717031,0.020319,2.999342,3.277632,0.278290,3.572629,3.870422,0.297793
input_0.23dB,RWADAPV,-0.869811,6.658633,7.528444,0.982801,2.949335,1.966534,0.696712,0.707649,0.010937,2.999342,3.212771,0.213430,3.572629,3.809042,0.236413
input_0.23dB,RSADAPV,-0.869811,6.955338,7.825149,0.982801,3.410467,2.427665,0.696712,0.708795,0.012084,2.999342,3.245542,0.246200,3.572629,3.863299,0.290670
input_-6.44dB,WebRTC,-6.440001,-4.138014,2.301987,-6.841047,-6.201633,0.639414,0.679183,0.605796,-0.073388,2.884330,3.036174,0.151844,3.572705,3.917721,0.345016
input_-6.44dB,sqa,-6.440001,-1.075766,5.364235,-6.841047,-3.766776,3.074271,0.679183,0.621861,-0.057322,2.884330,2.880374,-0.003956,3.572705,3.608985,0.036280
input_-6.44dB,RNN,-6.440001,4.692659,11.132660,-6.841047,-0.426573,6.414474,0.679183,0.704054,0.024871,2.884330,3.236504,0.352174,3.572705,3.979194,0.406489
input_-6.44dB,RW,-6.440001,4.473718,10.913720,-6.841047,-1.363538,5.477509,0.679183,0.701731,0.022547,2.884330,3.247889,0.363559,3.572705,3.991319,0.418613
input_-6.44dB,RS,-6.440001,4.761008,11.201009,-6.841047,-0.613059,6.227988,0.679183,0.704502,0.025319,2.884330,3.262950,0.378620,3.572705,4.016445,0.443740
input_-6.44dB,RWPV,-6.440001,4.486667,10.926669,-6.841047,-1.356564,5.484483,0.679183,0.703503,0.024320,2.884330,3.205898,0.321568,3.572705,3.993020,0.420314
input_-6.44dB,RSPV,-6.440001,4.762627,11.202628,-6.841047,-0.601684,6.239364,0.679183,0.705901,0.026718,2.884330,3.219735,0.335405,3.572705,4.015794,0.443088
input_-6.44dB,RWADAPV,-6.440001,4.076006,10.516007,-6.841047,-1.626853,5.214194,0.679183,0.696666,0.017483,2.884330,3.177180,0.292850,3.572705,3.978502,0.405797
input_-6.44dB,RSADAPV,-6.440001,4.603880,11.043882,-6.841047,-0.657666,6.183382,0.679183,0.700086,0.020902,2.884330,3.208992,0.324662,3.572705,4.010433,0.437728
input_4.64dB,WebRTC,4.639455,-3.737074,-8.376529,-0.071765,-3.088960,-3.017195,0.867452,0.757038,-0.110415,4.357758,4.321852,-0.035906,4.275965,4.184821,-0.091144
input_4.64dB,sqa,4.639455,-0.909299,-5.548753,-0.071765,-1.234853,-1.163088,0.867452,0.791119,-0.076334,4.357758,4.377135,0.019377,4.275965,4.202784,-0.073181
input_4.64dB,RNN,4.639455,10.962124,6.322670,-0.071765,5.165039,5.236804,0.867452,0.858326,-0.009126,4.357758,4.243836,-0.113922,4.275965,4.145976,-0.129990
input_4.64dB,RW,4.639455,11.143328,6.503873,-0.071765,5.076274,5.148039,0.867452,0.859544,-0.007909,4.357758,4.287718,-0.070040,4.275965,4.153651,-0.122315
input_4.64dB,RS,4.639455,11.127894,6.488439,-0.071765,5.228672,5.300437,0.867452,0.865427,-0.002025,4.357758,4.331101,-0.026657,4.275965,4.218464,-0.057502
input_4.64dB,RWPV,4.639455,11.520270,6.880816,-0.071765,5.346899,5.418664,0.867452,0.864804,-0.002649,4.357758,4.300796,-0.056962,4.275965,4.158043,-0.117923
input_4.64dB,RSPV,4.639455,11.499106,6.859652,-0.071765,5.478422,5.550187,0.867452,0.870253,0.002801,4.357758,4.344114,-0.013644,4.275965,4.220629,-0.055337
input_4.64dB,RWADAPV,4.639455,10.780533,6.141079,-0.071765,4.796779,4.868544,0.867452,0.853937,-0.013516,4.357758,4.248613,-0.109145,4.275965,4.146462,-0.129504
input_4.64dB,RSADAPV,4.639455,10.982342,6.342888,-0.071765,5.365872,5.437638,0.867452,0.863078,-0.004375,4.357758,4.322003,-0.035755,4.275965,4.255397,-0.020568
input_-10.53dB,WebRTC,-7.946664,-5.242229,2.704435,-7.219129,-5.972299,1.246829,0.521518,0.479974,-0.041545,1.867353,1.854538,-0.012816,3.113805,3.181906,0.068100
input_-10.53dB,sqa,-7.946664,-3.294458,4.652206,-7.219129,-4.105093,3.114036,0.521518,0.495219,-0.026299,1.867353,1.800985,-0.066368,3.113805,3.106773,-0.007032
input_-10.53dB,RNN,-7.946664,2.127378,10.074042,-7.219129,-1.567626,5.651503,0.521518,0.547302,0.025784,1.867353,2.310401,0.443048,3.113805,3.521637,0.407832
input_-10.53dB,RW,-7.946664,1.284830,9.231494,-7.219129,-2.727885,4.491244,0.521518,0.549632,0.028113,1.867353,2.283446,0.416093,3.113805,3.413258,0.299453
input_-10.53dB,RS,-7.946664,1.070732,9.017396,-7.219129,-2.335051,4.884077,0.521518,0.550459,0.028941,1.867353,2.281887,0.414534,3.113805,3.412674,0.298869
input_-10.53dB,RWPV,-7.946664,1.351440,9.298104,-7.219129,-2.687806,4.531323,0.521518,0.552876,0.031358,1.867353,2.281743,0.414390,3.113805,3.411864,0.298059
input_-10.53dB,RSPV,-7.946664,1.131096,9.077759,-7.219129,-2.302658,4.916470,0.521518,0.553598,0.032079,1.867353,2.274257,0.406904,3.113805,3.415869,0.302063
input_-10.53dB,RWADAPV,-7.946664,1.239834,9.186498,-7.219129,-2.775806,4.443322,0.521518,0.550090,0.028572,1.867353,2.245707,0.378354,3.113805,3.410125,0.296319
input_-10.53dB,RSADAPV,-7.946664,-0.677321,7.269342,-7.219129,-2.566067,4.653062,0.521518,0.544013,0.022495,1.867353,2.203646,0.336293,3.113805,3.325539,0.211734
